id,generated
0000aaaa,0.010303721686510899
1111bbbb,0.010303721686510899
2222cccc,0.010303721686510899
